clave,es
A7_AVISO_CIERRE,"Al presentar, el expediente queda cerrado."
A7_CASILLA,%s — %s
A7_DECLARACION,Declaro haber revisado íntegramente la documentación obrante en el expediente.
A7_EJERCICIO,Ejercicio: %s        Instructor: auditor01
A7_EXPEDIENTE,Expediente: %s
A7_FALTA_CASILLA,Marque la casilla del responsable.
A7_FALTA_DECLARACION,Falta la declaración responsable.
A7_INSTRUCCION,Marque UNA casilla. La imputación es firme y no admite rectificación.
A7_PRESENTAR,PRESENTAR
A7_SIN_FECHA,s/f
A7_SIN_JORNADA,SE ACABÓ LA JORNADA. El registro ya no admite entradas hoy.
A7_TITULO,FORMULARIO A-7  ·  IMPUTACIÓN DE RESPONSABILIDAD
A7_VOLVER,Volver al expediente
A7_YA_CERRADO,Este expediente ya tiene veredicto firme.
AVIONES_EMPATE,Empate
AVIONES_ESTADO_ABANDONADA,Ronda abandonada · el ciclo diario no cambia
AVIONES_ESTADO_FIN,Ronda terminada · ganador: %s
AVIONES_ESTADO_LANZAMIENTO,Tu turno · lanzamiento %d/3
AVIONES_ESTADO_VUELO,%.1f m · %.0f precisión
AVIONES_JUGADOR,Tú
AVIONES_LANZAR,Lanzar
AVIONES_MARCADOR,Marcador · Tú: %.1f · Distancia: %.1f · Papelera: %.1f · Cuñado: %.1f
AVIONES_MODALIDAD_DISTANCIA,Distancia
AVIONES_MODALIDAD_PRECISION,Precisión
AVIONES_MODALIDAD_ZONA,Zona
AVIONES_MODELO_ESTABLE,Estable
AVIONES_MODELO_IMPREDECIBLE,Impredecible
AVIONES_MODELO_RAPIDO,Rápido
AVIONES_NUEVA_RONDA,Nueva ronda
AVIONES_RIVAL_CUNADO,Cuñado
AVIONES_RIVAL_DISTANCIA,Distancia
AVIONES_RIVAL_PAPELERA,Papelera
CAREO_MARCADOR,Usted %s        %s %s
CAREO_NO_RECONOCE,%s no reconoce la acusación.
CAREO_REPLICA,« %s »
CAREO_ROTULO_EXPEDIENTE,EXPEDIENTE {folio}
CAREO_SIN_CARGO,Cargo no consta en el expediente
CAREO_SIN_FOLIO,SIN NÚMERO
CAREO_VEREDICTO_JUGADOR,cede un punto
CAREO_VEREDICTO_RIVAL,se le impone
CASA_BORRADO,Expediente personal borrado. No consta que haya estado usted aquí.
CASA_BORRAR,Empezar de cero
CASA_BORRAR_SEGURO,"¿Seguro? Se pierde TODO: cartas, logros y rachas"
CASO_1_TITULO,El cierre de caja de 1999
CASO_2_TITULO,El trámite de la silla 4-B
CASO_3_TITULO,Traspaso de personal: expediente de E. Montalvo
CASO_4_TITULO,Contrato de fin de año con Carcosa Servicios Escénicos
CASO_5_TITULO,"El expediente MEMO-1978-014 (y 1993, y 2007)"
CASO_6_TITULO,Acta constitutiva de la empresa (versión no circulada)
CASO_7_TITULO,El expediente de la herencia Karamázov
CASO_8_TITULO,El expediente del empleado #427
CASO_9_TITULO,El funcionario que dejó de tramitar
CASO_10_TITULO,El empleado adicional
COMBATE_CRONICA,Usted: %s   ·   %s: %s   —   %s
COMBATE_INSISTENCIA,Insistencia
COMBATE_OBJECION,Objeción
COMBATE_SILENCIO,Silencio
COMBATE_VIDAS,Usted  %s %d        %s  %s %d
COMPA_ADUANERO_NY,El inspector
COMPA_ADUANERO_NY_1,Diecinueve años mirando lo que entra por el puerto. Aquí entra menos.
COMPA_ADUANERO_NY_2,"Escribí un libro. No lo lea, es muy largo."
COMPA_ADUANERO_NY_3,"Preferiría no hacerlo. Pero lo hago igual, que para eso me pagan."
COMPA_BECARIO,El becario
COMPA_BECARIO_1,Llevo aquí cuatro años. En prácticas.
COMPA_BECARIO_2,No salgo en la nómina. Lo he preguntado tres veces.
COMPA_BECARIO_3,"Si un día no vengo, el sistema no lo va a notar."
COMPA_CORRESPONDENCIA,El auxiliar de correspondencia
COMPA_CORRESPONDENCIA_1,"Yo llevo la correspondencia. La de la casa, digo."
COMPA_CORRESPONDENCIA_2,Hay días en que uno es varios. Eso no consta en ningún sitio.
COMPA_CORRESPONDENCIA_3,Cuando salgo de aquí escribo. No es nada. No pregunte.
COMPA_CUNADO,Su compañero
COMPA_CUNADO_1,Yo eso lo tramitaba en papel y no fallaba nunca.
COMPA_CUNADO_2,"¿Ya te han dado el sello? A mí me lo dieron el segundo día. Bueno, el tercero."
COMPA_CUNADO_3,"Aquí lo que hay que saber es a quién preguntar. Yo lo sé, pero es que llevo mucho."
COMPA_EMPERADOR,El señor de la mesa del fondo
COMPA_EMPERADOR_1,Antes tenía otro trabajo. No se lo recomendaría a nadie.
COMPA_EMPERADOR_2,Los papeles se ordenan igual en todas partes. Eso lo aprendí tarde.
COMPA_EMPERADOR_3,Aquí nadie se levanta cuando entro. Es un alivio.
COMPA_EN_MEDIO,El de la mesa de en medio
COMPA_EN_MEDIO_1,¿Yo? De aquí. De la casa.
COMPA_EN_MEDIO_2,"Llevo más que el jefe. Que el anterior, también."
COMPA_EN_MEDIO_3,Nadie me ha dicho nunca de qué departamento soy. Yo tampoco pregunto.
COMPA_FIELATO,El del fielato
COMPA_FIELATO_1,"Yo estuve veinte años en el fielato. Cobrando el peaje, ahí parado."
COMPA_FIELATO_2,"Pinto. Selvas, sobre todo. No he visto ninguna."
COMPA_FIELATO_3,"Si le cuento lo que sueño, no me cree."
COMPA_JUBILACION,La que se jubila
COMPA_JUBILACION_1,Me quedan tres semanas. Ya no cojo nada nuevo.
COMPA_JUBILACION_2,Sé dónde está todo. Ya no es mi problema.
COMPA_JUBILACION_3,El truco de los últimos años es no aprender nada.
COMPA_RIEGOS,El de Riegos
COMPA_RIEGOS_1,"Yo vengo del Departamento de Riegos. Sí, de aquí. Lo cerraron."
COMPA_RIEGOS_2,Treinta años en esta mesa. Nadie me ha preguntado nunca qué hago.
COMPA_RIEGOS_3,Las cosas importantes pasan lejos y tarde. Uno se entera por el archivo.
COMPA_TELEFONO,El del teléfono
COMPA_TELEFONO_1,"…sí… sí… no, si yo lo entiendo…"
COMPA_TELEFONO_2,Llevo desde las nueve. No contestan.
COMPA_TELEFONO_3,"Un momento, que me tienen en espera desde ayer."
CUNADO_DERROTA_1,Es que se lo has puesto muy fácil.
CUNADO_DERROTA_2,"Bueno. Tampoco es para tanto. A ver, sí lo es."
CUNADO_DERROTA_3,Yo de ti no volvía a intentarlo hasta el jueves.
CUNADO_DERROTA_4,¿Ves? Por ir de frente.
CUNADO_EMPATE_1,Esto puede durar años. Literalmente. Yo he visto uno de nueve.
CUNADO_EMPATE_2,"Mira, así por lo menos no consta nada."
CUNADO_EMPATE_3,¿Bajamos luego a por café? Digo cuando acabe esto.
CUNADO_GANA_1,"Suerte. Una vez, ¿eh? Pero suerte."
CUNADO_GANA_2,Eso yo lo hacía todos los días antes de que lo digitalizaran.
CUNADO_GANA_3,"Claro, es que le has pillado con el turno cambiado."
CUNADO_GANA_4,"Bien, bien. Aunque yo habría ido por lo civil."
CUNADO_HABILIDAD_1,"Eso lo quitaron en la reforma. Bueno, o lo pusieron. Alguna de las dos."
CUNADO_HABILIDAD_2,¿Y eso se puede? Yo pregunto.
CUNADO_HABILIDAD_3,"Anda, si funciona. Pues nada."
CUNADO_LLEGADA_1,¿Es el careo? Uy. A ese yo no le habría acusado un lunes.
CUNADO_LLEGADA_2,Espera que me traigo la silla.
CUNADO_LLEGADA_3,"Yo tuve uno igual en el 96. Bueno, igual no. Parecido."
CUNADO_LLEGADA_4,"¿Has puesto el asunto en mayúsculas? Es que si no, no consta."
CUNADO_LLEGADA_5,"Yo esto lo veo desde aquí, que si me ven implicado me toca declarar."
CUNADO_PIERDE_1,Uy. Eso te lo iba a decir.
CUNADO_PIERDE_2,Ya. Es que ahí tenías que haber hecho lo otro.
CUNADO_PIERDE_3,"A mí me pasó igual. Bueno, a mí no, a uno de contabilidad."
CUNADO_PIERDE_4,"No pasa nada, hombre. Bueno, sí pasa, pero no pasa nada."
CUNADO_PIERDE_5,Es que has ido de frente. Con estos nunca de frente.
CUNADO_VICTORIA_1,"Bueno, bueno. Ya te vale, ya."
CUNADO_VICTORIA_2,"Enhorabuena. Ahora te toca el papeleo, que es lo gordo."
CUNADO_VICTORIA_3,"Yo lo habría cerrado el martes, pero oye, cada uno."
DIA_DESPERTAR_DE_GOLPE,"Se despierta de golpe. Día %d, y de esta noche no queda nada."
DIA_DICE,— %s
DIA_EN_EL_PUESTO,Se sienta en su puesto.
DIA_GATO_COME,"Le pone una lata: %d. Le quedan %d."
DIA_GATO_LLENO,"El cuenco está lleno. No le hace ni caso."
DIA_GATO_SIN_DINERO,"Una lata cuesta %d, y no lo tiene."
DIA_NOMINA,Nómina del día %d: %d (base %d + %d por %d expediente(s)).  Tiene %d.
DIA_NUEVO,Día %d.
INICIO_JORNADA_ESTADO,"%d en el bolsillo  ·  %d acciones por delante%s"
INICIO_JORNADA_GATO,"  ·  el gato espera en casa"
DIA_IMPREVISTO_IMPAGADO,  Imprevisto: %s. No había para resolverlo.
DIA_IMPREVISTO_PAGADO,  Imprevisto: %s. Se han ido %d.
DIA_ROTULO,Día %d  ·  %s  ·  %d en el bolsillo%s
DIA_SIN_GATO,  ·  sin gato
DIA_SIN_GATO_AVISO,  El gato no está.
DIA_VIVIR,Vivir cuesta %d. Le quedan %d.%s
ENTRADA_AUDITOR,AUDITOR EN TURNO: {usuario}
ENTRADA_COPIA_INDICES,"Copia parcial. No se restauran los índices; el volumen se monta sin ellos."
ENTRADA_COPIA_INTEGRA,Copia íntegra. Sin incidencias que reseñar.
ENTRADA_COPIA_SECTORES,"Copia con sectores ilegibles. Se restaura lo legible y se continúa."
ENTRADA_COPIA_SIN_CUENTA,"No consta cuántas veces se ha restaurado este volumen. El campo no admite ese número."
ENTRADA_NADIE_MIRA,NINGÚN OTRO USUARIO CONSTA CON ACCESO A ESTE VOLUMEN
ENTRADA_RESTAURANDO,RESTAURANDO COPIA DE SEGURIDAD
ENTRADA_SISTEMA,SIGA-98 · SISTEMA INTEGRAL DE GESTIÓN DE ARCHIVO
ENTRADA_VOZ_SOLO,"Lo que haga aquí no lo revisa nadie. Tampoco lo revisó nadie antes."
ENTRADA_VOZ_TURNO,"Acreditación vigente. Fecha de alta anterior a la contratación; el sistema no señala el desajuste."
ENTRADA_VOZ_VOLUMEN,"Volumen montado en modo lectura y escritura. Última salida limpia: no consta."
ESCRITORIO_AYUDA,Ayuda
ESCRITORIO_AYUDA_ABRIR,Doble clic: abrir programa.
ESCRITORIO_AYUDA_ARRASTRAR,Arrastra la barra de título para mover una ventana.
ESCRITORIO_AYUDA_BARRA,La barra inferior minimiza y restaura programas.
ESCRITORIO_AYUDA_CERRAR_MENU,Esc cierra el menú del sistema.
ESCRITORIO_AYUDA_TECLADO,Tab: recorrer controles. Intro/Espacio: activar.
ESCRITORIO_AYUDA_TITULO,Ayuda del terminal
ESCRITORIO_CABECERA,ARCHIVO CENTRAL 98
ESCRITORIO_CERRAR,Cerrar
ESCRITORIO_CERRAR_SESION,Cerrar sesión
ESCRITORIO_MARCA,ARCHIVO CENTRAL · TERMINAL 98
ESCRITORIO_MENU,MENÚ
ESCRITORIO_MINIMIZAR,Minimizar
ESCRITORIO_PROGRAMAS,Programas
ESCRITORIO_RELOJ,DÍA %02d
ESCRITORIO_RELOJ_VACIO,DÍA --
ESCRITORIO_SIGA_TITULO,SIGA-98
NAVEGADOR_ADELANTE,Adelante
NAVEGADOR_ATRAS,Atrás
NAVEGADOR_ATAJO_BUSCAR,Buscar en Web98 (Ctrl+F)
NAVEGADOR_ATAJO_DIRECCION,Ir a la barra de dirección (Ctrl+L)
NAVEGADOR_ATAJO_RECARGAR,Recargar la página actual (F5)
NAVEGADOR_BUSCAR,Buscar
NAVEGADOR_BUSCAR_ETIQUETA,Buscar:
NAVEGADOR_CACHE,Ver caché
NAVEGADOR_CACHE_PAGINA,[b]%s[/b]\nCopia guardada · día %d\n\n%s\n\n%s
NAVEGADOR_CACHE_TITULO,Copia en caché
NAVEGADOR_DIRECCION,Dirección
NAVEGADOR_DESCARGAR_SOFTWARE,Descargar %s
NAVEGADOR_ENLACE,Enlace
NAVEGADOR_ENLACES,Enlaces
NAVEGADOR_FAVORITO,Favorito
NAVEGADOR_FAVORITOS,Favoritos
NAVEGADOR_HISTORIAL,Historial
NAVEGADOR_INICIO,Inicio
NAVEGADOR_IR,Ir
NAVEGADOR_NO_ENCONTRADO,[b]No se puede encontrar la página[/b]\n%s\n\nCompruebe la dirección o vuelva al portal interno.
NAVEGADOR_PAGINA_OK,[b]%s[/b]\n%s\n\n%s\n\nCategoría: %s · vía: %s
NAVEGADOR_PRENSA_DATO,• %s: %s
NAVEGADOR_PRENSA_EDICION,Edición Web98 · jornada %d
NAVEGADOR_PRENSA_OPINION,[i]Opinión · %s[/i]
NAVEGADOR_PRENSA_SIN_ARTICULOS,No hay artículos disponibles para esta jornada.
NAVEGADOR_QUITAR_FAVORITO,Quitar favorito
NAVEGADOR_RECARGAR,Recargar
NAVEGADOR_RESULTADO_UNO,[b]Resultados para «%s»[/b]\n\n1 coincidencia en el índice local.
NAVEGADOR_RESULTADOS,[b]Resultados para «%s»[/b]\n\n%d coincidencias en el índice local.
NAVEGADOR_SERVIDOR_CAIDO,[b]Servidor no disponible[/b]\n%s\n\nEl servidor simulado no responde.
NAVEGADOR_SIN_TITULO,Sin título
NAVEGADOR_TEXTO_MAS,Texto +
NAVEGADOR_TEXTO_MENOS,Texto −
EXPLORADOR_ATRAS,Atrás
EXPLORADOR_ADELANTE,Adelante
EXPLORADOR_SUBIR,Subir un nivel
EXPLORADOR_RAIZ,Mi equipo
EXPLORADOR_VISOR_INICIAL,Seleccione una carpeta o abra un documento con doble clic o Enter.
EXPLORADOR_MEDIO_INSERTAR,Insertar
EXPLORADOR_MEDIO_RETIRAR,Retirar
EXPLORADOR_MEDIO_PAQUETE_NO_RECONOCIDO,Paquete de software no reconocido
EXPLORADOR_MEDIO_PAQUETE_FICHA,PAQUETE DE SOFTWARE — %s %s\n\n%s\n\nOrigen: %s
EXPLORADOR_MEDIO_SOFTWARE_DISPONIBLE,Software disponible desde el medio: %s
EXPLORADOR_MEDIO_RETIRADO_VENTANA,Medio retirado; la ventana permanece abierta
EXPLORADOR_MEDIO_RETIRADO,Medio retirado
EXPLORADOR_MEDIO_NO_DISPONIBLE,Medio no disponible
EXPLORADOR_MEDIO_INSERTADO,Medio insertado
EXPLORADOR_MEDIO_SOLO_LECTURA,solo lectura
EXPLORADOR_MEDIO_LECTURA_ESCRITURA,lectura/escritura simulada
TURNOS_97,TURNOS_97
BYTE_LUNAR_06,BYTE_LUNAR_06
FICHA_COMITE,COMITÉ
FICHA_PERSONA,PERSONA
FICHA_RECLAMANTE,[b]%s[/b]   ·   %s\n\n%s
HABILIDAD_ASAMBLEA,Asamblea
HABILIDAD_ASAMBLEA_EFECTO,"Esta ronda, el empate también golpea al rival."
HABILIDAD_COMISION,Comisión de seguimiento
HABILIDAD_COMISION_EFECTO,Revela la réplica que viene.
HABILIDAD_EXTERNALIZAR,Externalizar
HABILIDAD_EXTERNALIZAR_EFECTO,"Esta ronda el daño cuenta doble, gane quien gane."
HABILIDAD_MESA,Mesa de diálogo
HABILIDAD_MESA_EFECTO,Esta ronda nadie pierde vida.
HOJA_RUTA,Hoja de ruta
OFICIO_ATAQUE_1,Vengo por lo del expediente.
OFICIO_ATAQUE_2,Me dijeron que preguntara aquí.
OFICIO_ATAQUE_3,Llevo desde las siete.
OFICIO_ATAQUE_4,¿Es esta la ventanilla?
OFICIO_NOMBRE,Reclamante sin expediente asignado
OFICIO_RESUMEN,Se presenta cada mañana. No consta quién es ni qué reclama; el sistema le asigna un turno igualmente.
PUESTO_LEVANTARSE,Levantarse del puesto
SELLO_PLANTA_EN_ORDEN_TITULO,Planta en orden
SELLO_PLANTA_EN_ORDEN_DESCRIPCION,Inspección de cierre completada conforme al recorrido asignado.
SELLO_NOCHE_IMPRODUCTIVA_TITULO,Noche improductiva
SELLO_NOCHE_IMPRODUCTIVA_DESCRIPCION,Consta una noche sin documentos revisados ni expedientes cerrados.
SELLO_FIRMA_SIN_PRISA_TITULO,Firma sin prisa
SELLO_FIRMA_SIN_PRISA_DESCRIPCION,Jornada con expedientes cerrados sin imputaciones precipitadas.
SELLO_REINCORPORACION_ADMINISTRATIVA_TITULO,Reincorporación administrativa
SELLO_REINCORPORACION_ADMINISTRATIVA_DESCRIPCION,Consta reincorporación tras una reasignación de vida laboral.
SELLO_DESPERTAR_REGLAMENTARIO_TITULO,Despertar reglamentario
SELLO_DESPERTAR_REGLAMENTARIO_DESCRIPCION,Noche recorrida hasta su cierre ordinario sin despertar forzado.
SELLO_PASILLO_EN_REGLA_TITULO,Pasillo en regla
SELLO_PASILLO_EN_REGLA_DESCRIPCION,Actividad de bolos asentada en el registro interno del pasillo.
SALIDA_CONFIRMAR_ACEPTAR,Salir
SALIDA_CONFIRMAR_CANCELAR,Quedarse
SALIDA_CONFIRMAR_OFICINA,¿Salir de la oficina?
SALIDA_CONFIRMAR_TITULO,Confirmar salida
SALIDA_CUENCO,El cuenco
SALIDA_DESPERTAR,Despertar
SALIDA_DORMIR,Dormir
SALIDA_OFICINA,Salida
SALIDA_PUERTA_OFICINA,puerta de la oficina
SALIDA_PORTAL,Portal
SALIDA_PUESTO,Su puesto
SIN_FECHA_CORTA,s/f
SITIO_CALLE,De vuelta a casa
CALLE_ROTULO_OFICINA,ARCHIVO GENERAL · SIGA
CALLE_ROTULO_RECLAMACIONES,"VENTANILLA DE
RECLAMACIONES"
CALLE_ROTULO_TURNO,TURNO 07
CALLE_ROTULO_ELECTRODOMESTICOS,ELECTRODOMÉSTICOS
CALLE_ROTULO_VIDEOJUEGOS,VIDEOJUEGOS
CALLE_ROTULO_CARTUCHOS,CARTUCHOS · ROMS
CALLE_ROTULO_ALQUILERES,ALQUILERES
CALLE_ROTULO_FINCAS,ADMINISTRACIÓN DE FINCAS
CALLE_ROTULO_PAGO_ALQUILER,PAGO DEL ALQUILER
CALLE_PUERTA_SALIDA,puerta de salida
CALLE_PUERTA_VIDEOJUEGOS,puerta de Bit 98
CALLE_PUERTA_ELECTRODOMESTICOS,puerta de Electrodomésticos
CALLE_TIENDA_COMPRADO,tienda de videojuegos · %s comprado
CALLE_TIENDA_TODO_COMPRADO,tienda de videojuegos · ya tienes todo
CALLE_TIENDA_MANUAL_SERVICIO,Bit 98 · manual de servicio desbloqueado · tecla º
CALLE_TIENDA_FALLO_SIN_DINERO,tienda de videojuegos · no llega el dinero
CALLE_TIENDA_FALLO_SIN_STOCK,tienda de videojuegos · sin existencias
CALLE_TIENDA_FALLO_FUERA_DEL_TRAYECTO,tienda de videojuegos · cerrada
CALLE_TIENDA_FALLO_JORNADA_INVALIDA,tienda de videojuegos · cerrada
CALLE_TIENDA_FALLO_ROM_DESCONOCIDA,tienda de videojuegos · sin existencias
CALLE_TIENDA_FALLO_PRECIO_INVALIDO,tienda de videojuegos · sin existencias
SITIO_CASA,Casa
SITIO_OFICINA,"SIGA — Archivo, planta 4"
SUENO_DUELO_GANADO,"Se apaga. Esta vez no vuelve."
SUENO_DUELO_PERDIDO,"Se le impone. La noche se acaba aquí."
SUENO_DUELO_SEGUIR,Seguir
SUENO_DUELO_SE_QUEDA,%s no se aparta.
SUENO_DUELO_SIN_VIDA,"Ha descansado, aunque no le hacía falta."
SUENO_DUELO_VIDA,"Ha descansado. Le quedan %d."
SUENO_ROTULO,…
SUENO_PREPARAR_TITULO,MEMORIA NOCTURNA
SUENO_PREPARAR_AYUDA,"Elija hasta tres documentos leídos hoy. Puede repetirlos o dejar los huecos vacíos. Intro/A activa; Esc/B vuelve."
SUENO_PREPARAR_HUECOS,Tres huecos
SUENO_PREPARAR_DOCUMENTOS,Documentos leídos hoy
SUENO_PREPARAR_HUECO_VACIO,%d · vacío
SUENO_PREPARAR_HUECO,%d · %s
SUENO_PREPARAR_REPETIDA,%s · ×%d
SUENO_PREPARAR_CONFIRMAR,Dormir
SUENO_PREPARAR_CANCELAR,Volver
SUENO_PREPARAR_SIN_DOCUMENTOS,Hoy no hay documentos que llevarse.
SUENO_PREPARAR_COMPLETA,Los tres huecos están ocupados. Quite uno para añadir otro.
TAROT_ROTULO,{carta}
TAROT_SIN_NOMBRE,Una carta sin nombre
TAROT_VOZ,"Estaba dentro del expediente, escrita como si nada."
TRABAJILLO_COBRADO_ENCUESTAS,"Cuelga la última llamada. Le pagan %d. Tiene %d."
TRABAJILLO_COBRADO_SOBRES,"Cierra el último sobre. Le pagan %d. Tiene %d."
TRABAJILLO_COBRADO_TRANSCRIPCION,"Termina el lote. Le pagan %d. Tiene %d."
TRABAJILLO_ENCUESTAS,Hacer encuestas telefónicas
TRABAJILLO_RACHA,Otra noche seguida. Esta vez el sueño será todavía más corto.
TRABAJILLO_SOBRES,Rellenar sobres
TRABAJILLO_TRANSCRIPCION,Transcribir un lote
TRABAJILLO_YA_HECHO,No queda otro lote para esta noche.
VENTANILLA_ADELANTA,La comisión adelanta que la próxima réplica será: %s.
VENTANILLA_ATAQUE_INMINENTE,ATAQUE INMINENTE
VENTANILLA_ATENDIDA,RECLAMACIÓN ATENDIDA. Racha: %d.
VENTANILLA_HABILIDAD,%s (%d)
VENTANILLA_LLAME,Llame al siguiente turno.
VENTANILLA_MARCADOR,Racha: %d        Mejor marca: %d
VENTANILLA_NADIE,[i]Nadie en el mostrador.[/i]
VENTANILLA_NO_ATENDIDA,RECLAMACIÓN NO ATENDIDA. La racha vuelve a cero.
VENTANILLA_SE_PRESENTA,%s se presenta en el mostrador.
VENTANILLA_SIGUIENTE,Llamar al siguiente turno
VENTANILLA_TITULO,SIGA-98  —  VENTANILLA DE RECLAMACIONES
VENTANILLA_SALIR,Salir a la calle
VEREDICTO_EMPATE,ninguno cede
VEREDICTO_JUGADOR,se impone su objeción
VEREDICTO_RIVAL,se impone el mostrador
VISOR_BARRA_TITULO,SIGA-98  —  Sistema Integral de Gestión Administrativa   [Expediente %s]
VISOR_CABECERA,Folio %s   ·   %s   ·   %s
VISOR_CARTA,Carta localizada: %s
VISOR_CERRADO,EXPEDIENTE CERRADO. %s%s
VISOR_CONCEPTO,Concepto: %s
VISOR_COSTE_ACCION,1 acción
VISOR_COSTE_GRATIS,GRATIS
VISOR_COSTE_REGLA,Primera lectura nueva del día: GRATIS · siguientes: 1 acción · releer hoy: GRATIS
VISOR_DOCUMENTOS,Documentos del expediente:
VISOR_ELIJA,Seleccione un documento de la lista para abrirlo y leerlo.
VISOR_ESTADO,"%s   ·   Pistas: %d de %d   ·   Día %d   ·   Presupuesto: %d/%d acciones%s"
VISOR_IMPUTAR,Imputar responsabilidad…
VISOR_ITEM_COSTE,"%s  %s   ·   %s"
VISOR_MARCAR_FOLIO,☆ Marcar folio
VISOR_MARCADOR_GUARDADO,Folio marcado para recordarlo.
VISOR_MARCADOR_RETIRADO,Folio retirado de sus marcadores.
VISOR_PARTIDA_APARTADA,"PARTIDA ANTERIOR ILEGIBLE (%s), APARTADA EN %s"
VISOR_PRECIPITADA,  ·  ACUSACIÓN PRECIPITADA: consta en su hoja de servicio.
VISOR_QUITAR_MARCADOR,★ Quitar marcador
VISOR_REASIGNADO,"  ·  CESE POR ACUMULACIÓN: se le reasigna. Otra persona ocupará su puesto."
VISOR_RECONSTRUIR,Reconstruir expediente…
VISOR_RECONSTRUIR_AYUDA,Lea al menos dos documentos del expediente en esta jornada.
VISOR_RELACIONAR,Relacionar este documento…
VISOR_RELACIONAR_CON,Relacionar con %s
VISOR_RELACION_DISTINTO,Selecciona un segundo documento distinto.
VISOR_RELACION_LEA_ANTES,Lee el documento antes de relacionarlo.
VISOR_RELACION_NO_DEMOSTRADA,No has demostrado una relación directa entre %s y %s.
VISOR_RELACION_PRIMERO,Primer documento fijado: %s. Abre otro documento y vuelve a relacionar.
VISOR_RELACION_PRIMERO_INVALIDO,El primer documento ya no está disponible como lectura válida.
VISOR_RELACION_REGISTRADA,Relación registrada: %s
VISOR_RELACION_YA_REGISTRADA,Relación ya registrada: %s
VISOR_RESUELTO,   ·   EXPEDIENTE RESUELTO
VISOR_SIN_FECHA,sin fecha de registro
VISOR_SIN_JORNADA,SE ACABÓ LA JORNADA. Fiche la salida.
VOZ_CUNADO,— %s
ARCHIVO_TITULO,EXPEDIENTES
ARCHIVO_ITEM,%s %d/%d · %s
ARCHIVO_SELLADO,■
ARCHIVO_ABIERTO,□
ARCHIVO_CONFIDENCIAL,"CONFIDENCIAL · "
ARCHIVO_YA_FIRMADO,ESTE EXPEDIENTE YA TIENE VEREDICTO FIRME.
ARCHIVO_ERROR_GUARDAR,NO SE PUDO GUARDAR LA PARTIDA
HISTORIA_TITULO,La historia de la carta
HISTORIA_REINTENTAR,Reintentar guardado
HISTORIA_NO_DISPONIBLE,Esta carta no tiene historia disponible.
HISTORIA_OPCION,%s — %s
ARCHIVO_GUARDADO_HECHO,"PARTIDA GUARDADA. Puede seguir."

INICIO_TITULO,SIGA-98 · Expediente Legado
INICIO_CONTINUAR,Continuar partida
INICIO_NUEVA,Nueva partida
INICIO_CANCELAR,Cancelar
INICIO_EXISTENTE,Hay una partida guardada. Puedes continuar o empezar desde cero.
INICIO_BIENVENIDA,Empieza una nueva partida para entrar al archivo.
INICIO_CONFIRMAR,Se reiniciará todo el progreso. Se conservará una copia de la partida anterior. ¿Empezar desde cero?
INICIO_ERROR_REINICIO,No se pudo conservar la partida anterior. No se ha iniciado una nueva.
INICIO_ERROR_ENTRADA,No se pudo entrar al archivo. Puedes volver a intentarlo.
INICIO_CARGAR,Cargar partida
INICIO_CARGAR_TOOLTIP,Carga la partida guardada de este perfil.
INICIO_VENTANILLA,Ventanilla de reclamaciones
INICIO_ERROR_AJUSTES,No se pudieron abrir los ajustes.
INICIO_PERSONAJE,Crear / editar personaje
INICIO_PERSONAJE_TOOLTIP,Apariencia física y trasfondo del protagonista.
PERSONAJE_TITULO,EXPEDIENTE PERSONAL · ALTA DE EMPLEADO
PERSONAJE_SUBTITULO,La apariencia no modifica colisiones ni estadísticas. El trasfondo describe tu vida anterior a SIGA.
PERSONAJE_APARIENCIA,APARIENCIA
PERSONAJE_COMPLEXION,Complexión
PERSONAJE_CUERPO_DELGADO,Delgado
PERSONAJE_CUERPO_MEDIO,Medio
PERSONAJE_CUERPO_ROBUSTO,Robusto
PERSONAJE_ALTURA,Altura visual
PERSONAJE_HOMBROS,Hombros
PERSONAJE_CINTURA,Cintura
PERSONAJE_PIEL,Tono de piel
PERSONAJE_PIEL_CLARO,Claro
PERSONAJE_PIEL_MEDIO_CLARO,Medio claro
PERSONAJE_PIEL_MEDIO,Medio
PERSONAJE_PIEL_OLIVA,Oliva
PERSONAJE_PIEL_OSCURO,Oscuro
PERSONAJE_PIEL_MUY_OSCURO,Muy oscuro
PERSONAJE_CABELLO,Color de pelo
PERSONAJE_CABELLO_NEGRO,Negro
PERSONAJE_CABELLO_CASTANO_OSCURO,Castaño oscuro
PERSONAJE_CABELLO_CASTANO,Castaño
PERSONAJE_CABELLO_RUBIO_OSCURO,Rubio oscuro
PERSONAJE_CABELLO_CANOSO,Canoso
PERSONAJE_PEINADO,Peinado
PERSONAJE_PEINADO_CORTO,Corto
PERSONAJE_PEINADO_MEDIO,Medio
PERSONAJE_PEINADO_RAPADO,Rapado
PERSONAJE_PEINADO_RECOGIDO,Recogido
PERSONAJE_PRENDA,Prenda
PERSONAJE_PRENDA_CAMISA,Camisa
PERSONAJE_PRENDA_JERSEY,Jersey
PERSONAJE_PRENDA_CHAQUETA,Chaqueta
PERSONAJE_ROPA,Color de ropa
PERSONAJE_ROPA_GRIS,Gris oficina
PERSONAJE_ROPA_AZUL,Azul gastado
PERSONAJE_ROPA_MARRON,Marrón
PERSONAJE_ROPA_VERDE,Verde apagado
PERSONAJE_ROPA_BURDEOS,Burdeos
PERSONAJE_TRASFONDO,TRASFONDO
PERSONAJE_ANTES_DE_SIGA,Antes de SIGA
PERSONAJE_NOTA_TRASFONDO,"El trasfondo podrá matizar diálogos, recuerdos, objetos y sueños; no concede una solución automática de expediente."
PERSONAJE_RESUMEN,Etiquetas narrativas: %s\nComplexión: %s · altura %.2f · hombros %.2f · cintura %.2f
PERSONAJE_CANCELAR,Cancelar
PERSONAJE_GUARDAR,Guardar ficha
PERSONAJE_ERROR_GUARDAR,No se pudo guardar la ficha.
PERSONAJE_ERROR_JORNADA,"Ficha guardada, pero no se pudo iniciar la jornada."
PERSONAJE_GUARDADA,Ficha guardada.
TRASFONDO_AUXILIAR,Auxiliar administrativo
TRASFONDO_AUXILIAR_DESCRIPCION,"Años de ventanillas, fotocopias y contratos temporales. Sabes cómo suena una oficina antes de saber quién manda en ella."
TRASFONDO_ALMACEN,Almacén y fábrica
TRASFONDO_ALMACEN_DESCRIPCION,"Turnos, inventarios, muelles de carga y encargados con prisa. Estás acostumbrado a leer un espacio por cómo trabaja la gente dentro."
TRASFONDO_INFORMATICA,Informática autodidacta
TRASFONDO_INFORMATICA_DESCRIPCION,"Aprendiste con manuales, disquetes prestados y ordenadores que nadie quería tocar. Entiendes sistemas por insistencia, no por título."
TRASFONDO_ESTUDIANTE,Estudiante nocturno
TRASFONDO_ESTUDIANTE_DESCRIPCION,"Trabajas de día y estudias cuando puedes. Tienes práctica reuniendo fragmentos, tomando notas y funcionando con horarios poco razonables."
TRASFONDO_CUIDADOS,Cuidados familiares
TRASFONDO_CUIDADOS_DESCRIPCION,"Antes de SIGA ya organizabas citas, compras, papeles y días alrededor de otra persona. Conoces la logística invisible de sostener una casa."
TRASFONDO_RECIEN_LLEGADO,Recién llegado a la ciudad
TRASFONDO_RECIEN_LLEGADO_DESCRIPCION,"Todavía estás aprendiendo barrios, líneas, horarios y costumbres. Miras lugares cotidianos con la atención de quien aún no los da por hechos."

CORCHO_TITULO,Corcho de conceptos
CORCHO_AYUDA_RATON,Arrastra una ficha para moverla · Pulsa dos fichas para poner o quitar hilo
CORCHO_AYUDA_MANDO,Flechas: elegir · Intro/A: hilo · M/X: coger y soltar · Esc/B: cerrar
CORCHO_VACIO,Aún no hay fichas. Los conceptos que descubras en el archivo acabarán aquí.
CORCHO_CERRAR,Cerrar
CORCHO_DETALLE_TITULO,Ficha seleccionada
CORCHO_DETALLE_VACIO,Enfoca o pulsa una ficha para consultar lo que ya sabes de ese concepto.
CORCHO_DETALLE_SIN_RESUMEN,No consta información adicional sobre este concepto.
CORCHO_DATO_OCULTO,[dato aún no descubierto]
MENU_GLOBAL_TITULO,Menú
MENU_GLOBAL_CONTINUAR,Continuar
MENU_GLOBAL_OPCIONES,Opciones
MENU_GLOBAL_VOLVER,Volver
MENU_GLOBAL_SALIR,Salir al escritorio
MENU_GLOBAL_VOLUMEN,Volumen
MENU_GLOBAL_REDUCCION_MOVIMIENTO,Reducir movimiento
MENU_GLOBAL_SUBTITULO,Preferencias comunes de archivo, casa y sueño.
MENU_GLOBAL_SENSIBILIDAD_RATON,Sensibilidad de ratón
MENU_GLOBAL_SENSIBILIDAD_MANDO,Sensibilidad de stick derecho
MENU_GLOBAL_INVERTIR_CAMARA_Y,Invertir eje Y de cámara
GATO_SIGA_EXPLORAR,Quedan documentos por revisar.
GATO_SIGA_LISTO,Ya puede imputar responsabilidad.
GATO_SIGA_CERRADO,Ese expediente ya está cerrado.
GATO_SIGA_DESCUBRIMIENTO,Ha aparecido una pista nueva.
GATO_SIGA_COMBINACION_FALLIDA,Esos documentos no justifican una relación.
GATO_SIGA_COMBINACION_REPETIDA,Esa relación ya constaba.
RESUMEN_PLANTILLA,Resumen de plantilla
EVALUACION_APP_TITULO,Evaluaciones
EVALUACION_CABECERA,SIGA-98 · EVALUACIÓN DE DESEMPEÑO
EVALUACION_AYUDA,Historial de vidas laborales cerradas. Seleccione una para consultar el informe archivado.
EVALUACION_FILA,Vida %d · productividad %s · precipitación %s
EVALUACION_VIDA,VIDA LABORAL %d
EVALUACION_MOTIVO,Cierre administrativo: %s
EVALUACION_MOTIVO_REASIGNACION,reasignación
EVALUACION_MOTIVO_FINAL,final narrativo
EVALUACION_MOTIVO_OTRO,otra causa registrada
EVALUACION_CATEGORIA_PRODUCTIVIDAD,Productividad
EVALUACION_CATEGORIA_PRECIPITACION,Precipitación
EVALUACION_CATEGORIA_GATO,Cuidado del gato
EVALUACION_CATEGORIA_LIQUIDEZ,Liquidez
EVALUACION_CATEGORIA_SUENO,Exploración onírica
EVALUACION_CATEGORIA_DEPENDENCIA_DINERO,Dependencia económica
EVALUACION_RANGO_BAJA,BAJA
EVALUACION_RANGO_MEDIA,MEDIA
EVALUACION_RANGO_ALTA,ALTA
EVALUACION_RANGO_SIN_DATOS,SIN DATOS
EVALUACION_VACIO,Aún no constan vidas laborales evaluadas.
EVALUACION_VACIO_AYUDA,El informe aparece cuando una vida laboral queda cerrada.
EVALUACION_SIN_SELECCION,SIN INFORME ARCHIVADO
EVALUACION_NOTA_COMPARACION,Las categorías son independientes. SIGA no calcula una nota total ni declara una vida correcta o incorrecta.
EVALUACION_REMATE_ROTULO,INFORME ARCHIVADO · VIDA {vuelta}
EVALUACION_REMATE_PRODUCTIVA_PRECIPITADA,Productividad alta y precipitación alta. SIGA archiva ambos datos sin compensarlos.
EVALUACION_REMATE_CUIDADOS_LIQUIDEZ,Cuidado registrado alto con liquidez baja. Las categorías permanecen separadas.
EVALUACION_REMATE_SUENO_PRODUCTIVIDAD,Exploración onírica alta con productividad baja. Ninguna categoría sustituye a la otra.
EVALUACION_REMATE_DEPENDENCIA_LIQUIDEZ,Liquidez alta con dependencia económica alta. SIGA archiva la contradicción sin resolverla.
EVALUACION_REMATE_NEUTRA,La evaluación queda archivada por categorías independientes. No consta una calificación total.
BLOC_NOTAS_TITULO,Bloc de notas
BLOC_NOTAS_AYUDA,Anotaciones locales de trabajo. Se guardan con el estado de esta partida.
BLOC_NOTAS_PLACEHOLDER,Escriba aquí sus notas...
BLOC_NOTAS_ESTADO,caracteres · guardado local al persistir la partida
CALCULADORA_TITULO,Calculadora
CALCULADORA_AYUDA,"Operaciones disponibles: +, -, *, / y paréntesis. Pulse Intro para calcular."
CALCULADORA_PLACEHOLDER,Ej.: (1250 + 340) / 2
CALCULADORA_CALCULAR,Calcular
CALCULADORA_BORRAR,Borrar
CALCULADORA_RESULTADO_VACIO,Resultado:
CALCULADORA_ENTRADA_NO_VALIDA,Entrada no válida
CALCULADORA_EXPRESION_NO_VALIDA,Expresión no válida
CALCULADORA_NO_SE_PUDO,No se pudo calcular
CALCULADORA_NO_NUMERICO,Resultado no numérico
IMPREVISTO_BOMBILLA,Bombilla fundida
IMPREVISTO_CALENTADOR,Calentador averiado
IMPREVISTO_ELECTRODOMESTICO,Electrodoméstico roto
IMPREVISTO_GRIFO,Grifo que no deja de gotear
IMPREVISTO_MULTA,Multa de transporte
IMPREVISTO_PERSIANA,Persiana atascada
IMPREVISTO_RECIBO,Recibo inesperado
ONBOARDING_OBJETIVO_INICIAL,OBJETIVO INICIAL
ONBOARDING_PUESTO_SIGA,PUESTO 4-B · SIGA-98
ONBOARDING_ACCION_SIGA,Acérquese al terminal verde para abrir su primer expediente.
IDEOLOGIA_924_CUNADO_COLECTIVO,"Bueno, así al menos queda claro que esto no era cosa de una sola mesa."
IDEOLOGIA_924_CUNADO_NEGOCIADO,"Hablarlo antes de que se enquiste tampoco es mala manera de cerrar una mañana."
IDEOLOGIA_924_CUNADO_PROCEDIMIENTO,"Otra revisión. Si sirve para dejar claro quién hace qué la próxima vez, algo es algo."
VISOR_DECISION_924_AYUDA,"El expediente ya está firmado. Elija cómo gestionar sus consecuencias; no cambia el veredicto ni las pistas."
VISOR_DECISION_924_BLOQUEADA,Disponible después de firmar este expediente.
VISOR_DECISION_924_CONCILIACION,Buscar una salida pactada entre las partes internas
VISOR_DECISION_924_REGISTRADA,Criterio registrado: %s. El expediente conserva los mismos hechos y veredicto.
VISOR_DECISION_924_RESPONSABILIDAD,Abrir una revisión conjunta de responsabilidades
VISOR_DECISION_924_REVISION,Encargar una revisión formal del procedimiento
VISOR_DECISION_924_TITULO,CONSECUENCIAS DEL CIERRE
VISOR_PRONOSTICO_ABANDONAR,Abandonar
VISOR_PRONOSTICO_ARRASTRA,¿Se arrastrará a mañana?
VISOR_PRONOSTICO_BLOQUEADO,Pronóstico cerrado: el expediente ya ha sido expuesto.
VISOR_PRONOSTICO_CIERRE,¿Se cerrará hoy?
VISOR_PRONOSTICO_CONFIRMAR,Confirmar pronóstico
VISOR_PRONOSTICO_DISPONIBLE,Opcional · registre una apuesta antes de leer.
VISOR_PRONOSTICO_DOCUMENTO,Documento clave
VISOR_PRONOSTICO_DUELO,¿Habrá careo?
VISOR_PRONOSTICO_ESTADO_ABANDONADO,abandonado
VISOR_PRONOSTICO_ESTADO_ABIERTO,abierto
VISOR_PRONOSTICO_ESTADO_ACERTADO,acertado
VISOR_PRONOSTICO_ESTADO_FALLADO,fallado
VISOR_PRONOSTICO_ESTADO_SIN_RESOLVER,sin resolver
VISOR_PRONOSTICO_HISTORIAL,Historial
VISOR_PRONOSTICO_HISTORIAL_AYUDA,Registro personal de apuestas de auditoría. Consultarlo no modifica la partida.
VISOR_PRONOSTICO_HISTORIAL_FILA,%s · %s · %s · %s
VISOR_PRONOSTICO_HISTORIAL_TITULO,HISTORIAL DE PRONÓSTICOS
VISOR_PRONOSTICO_HISTORIAL_VACIO,Aún no hay pronósticos registrados.
VISOR_PRONOSTICO_NO,No
VISOR_PRONOSTICO_PRECIPITADA,¿La acusación será precipitada?
VISOR_PRONOSTICO_RESUMEN,%s · %s · %s
VISOR_PRONOSTICO_SI,Sí
VISOR_PRONOSTICO_TAROT,Arcano de tarot
VISOR_PRONOSTICO_TITULO,PRONÓSTICO DE AUDITORÍA
CONSOLA_SERVICIO_TITULO,BIT 98 · MANUAL DE SERVICIO
CONSOLA_SERVICIO_PLACEHOLDER,ayuda · clima lluvia · diagnostico
CONSOLA_SERVICIO_INICIO,MANUAL DE SERVICIO BIT 98 · escribe ayuda
CONSOLA_SERVICIO_AYUDA_DESC,lista los comandos del manual de servicio
CONSOLA_SERVICIO_CLIMA_DESC,clima auto|despejado|nublado|lluvia|niebla|nieve
CONSOLA_SERVICIO_DESATASCAR_DESC,vuelve a la entrada del espacio actual
CONSOLA_SERVICIO_PORTATIL_DESC,abre la Portátil Color 98
CONSOLA_SERVICIO_DIAGNOSTICO_DESC,muestra semilla/día/vuelta/versión para reportar bugs
CONSOLA_SERVICIO_LIMPIAR_DESC,borra el registro
CONSOLA_SERVICIO_DESCONOCIDO,Ese comando no figura en el manual de servicio.
CONSOLA_SERVICIO_USO_CLIMA,Uso: clima %s
CONSOLA_SERVICIO_CLIMA_OK,Clima: %s
CONSOLA_SERVICIO_DESATASCADO,De vuelta en la entrada
CONSOLA_SERVICIO_PORTATIL_SOLO_CASA,La portátil solo puede abrirse cuando ya estás en casa.
CONSOLA_SERVICIO_PORTATIL_AUSENTE,No encuentro la portátil en esta escena.
CONSOLA_SERVICIO_PORTATIL_ABRIENDO,Abriendo la portátil
CONSOLA_SERVICIO_SOLO_PARTIDA,Solo funciona dentro de una partida.
MENU_GLOBAL_HISTORIAL_DECISIONES,Historial de decisiones
MENU_GLOBAL_HISTORIAL_SUBTITULO,"El archivo conserva cuándo decidió y cuándo dejó una decisión pendiente."
MENU_GLOBAL_HISTORIAL_RESUMEN,"%d aplazamientos registrados · %d decisiones con reiteración."
MENU_GLOBAL_HISTORIAL_PRESION_0,No constan demoras reiteradas.
MENU_GLOBAL_HISTORIAL_PRESION_1,El archivo empieza a acumular demoras reiteradas.
MENU_GLOBAL_HISTORIAL_PRESION_2,Las demoras ya dejan una huella visible en el expediente.
MENU_GLOBAL_HISTORIAL_VACIO,Todavía no hay decisiones registradas.
MENU_GLOBAL_HISTORIAL_LEGADO,"Registro anterior a este sistema; el contexto original no está disponible."
MENU_GLOBAL_HISTORIAL_CONTEXTO,"Día %d · %s"
MENU_GLOBAL_HISTORIAL_POSPUESTA,"%s · aplazada (%d)\n%s"
MENU_GLOBAL_HISTORIAL_RESUELTA,"%s · decidida\n%s\n%s"
VISOR_DETALLE_961_OBSERVACION,Observación adicional · %s
VISOR_DETALLE_961_FACTURA1_PERFORACIONES,En el borde inferior se distinguen dos perforaciones de archivador ligeramente desalineadas; parecen de una carpeta anterior y no modifican lo escrito.
VISOR_DETALLE_961_MEMO1_CINTA_FECHA,La fecha mecanografiada acusa una cinta algo más seca que el cuerpo del memorándum; la diferencia material no basta para fechar una segunda intervención.
VISOR_DETALLE_961_MEMO1_COTEJO_MARGEN,La nota de cotejo está incorporada al cuerpo digitalizado; el expediente no identifica quién la añadió.
VISOR_DETALLE_961_EMPLEADO1_LAPIZ_PESTANA,El número de empleado está repasado a lápiz azul en la pestaña exterior; la marca no añade ningún dato al contenido.
VISOR_DETALLE_961_ACTA1_PAPEL_COTEJO,"Puesta junto a otro folio, el papel coincide en gramaje y corte con el stock común de oficina; la coincidencia no identifica autor ni circuito."
VISOR_DETALLE_961_OFICIO2_CLIP_MARGEN,El margen izquierdo conserva el óxido tenue de un clip retirado; no hay texto oculto debajo.
VISOR_DETALLE_961_OFICIO2_ANEXO_FOLIO,"El oficio deja constancia de una prescripción médica adjunta; el archivo conserva el anexo como metadato, no su contenido clínico."
VISOR_DETALLE_961_CIRCULAR2_SELLO_FECHA,"El sello de distribución pisa parcialmente el año impreso, pero ambos siguen siendo legibles; no cambia la cronología consignada."
VISOR_DETALLE_961_MEMO3_TINTA_SELLO,La tinta del sello de recibido tiene un borde más saturado que la del texto mecanografiado; es una diferencia de soporte, no una prueba de procedencia.
VISOR_DETALLE_961_FACTURA4_HALO_SELLO,El sello amarillo deja un halo irregular en el reverso; el color ya visible en el documento no permite atribuirlo a una oficina concreta.
JUICIO_JUNGIANO_MOMENTUM,MOMENTUM
JUICIO_JUNGIANO_FINISHER,FINISHER
JUICIO_JUNGIANO_SUPER_FINISHER,SUPER FINISHER
JUICIO_JUNGIANO_FINISHER_TOOLTIP,Disponible al alcanzar el umbral de momentum
JUICIO_RELIGION_COMPROMISO,COMPROMISO · cede la iniciativa
ULTIMO_RECURSO_AVISO,"Su última vida laboral se ha agotado. El cese todavía no está firmado."
ULTIMO_RECURSO_CANJEAR,Canjear por 1 vida
ULTIMO_RECURSO_CARTA,%s — %s
ULTIMO_RECURSO_CESE,Firmar el cese
ULTIMO_RECURSO_ESTADO_GASTADA,Gastada
ULTIMO_RECURSO_ESTADO_RECOGIDA,Recogida
ULTIMO_RECURSO_ESTADO_SELLADA,Sellada
ULTIMO_RECURSO_EXPLICACION,"Puede canjear una carta recogida y no gastada para recuperar exactamente una vida, o aceptar el cese y comenzar otra vida laboral."
ULTIMO_RECURSO_TAROT_AYUDA,"El canje es irreversible: la carta queda gastada y esta vuelta ya no puede cumplir El Mundo."
ULTIMO_RECURSO_TAROT_TITULO,Tarot — último recurso
ULTIMO_RECURSO_TITULO,CESE PENDIENTE
ULTIMO_RECURSO_VER_TAROT,Ver mi tarot
ULTIMO_RECURSO_VOLVER,Volver al aviso
AUDITORIAS_ACCION_SOBRANTE,"Terminar la jornada con una acción sin gastar"
AUDITORIAS_ACCION_SOBRANTE_DESC,"Al fichar la salida debe quedar al menos una acción disponible. Fallar el reto no bloquea la partida."
AUDITORIAS_APP_TITULO,"Condiciones de auditoría"
AUDITORIAS_AYUDA_CONSULTA,"Estado de la condición opcional aceptada para esta vida laboral. Esta pantalla no modifica el reto."
AUDITORIAS_AYUDA_SELECCION,"Opcional. Las condiciones elegidas se fijan al guardar esta ficha y no pueden cambiarse durante la vida laboral."
AUDITORIAS_CABECERA,"Condiciones extraordinarias"
AUDITORIAS_ESTADO_ACTIVA,"Estado: activa"
AUDITORIAS_ESTADO_COMPLETADA,"Estado: completada"
AUDITORIAS_ESTADO_FALLIDA,"Estado: fallida"
AUDITORIAS_ESTADO_INACTIVA,"Estado: no seleccionada"
AUDITORIAS_NUEVA_VIDA_TITULO,"NUEVA VIDA LABORAL"
AUDITORIAS_NUEVA_VIDA_AYUDA,"Antes de reincorporarse puede aceptar una condición opcional. Dejarla sin marcar inicia la vida normalmente."
AUDITORIAS_NUEVA_VIDA_CONTINUAR,"Comenzar vida laboral"
AUDITORIAS_GATO_DIARIO,"Atender al gato todos los días"
AUDITORIAS_GATO_DIARIO_DESC,"Al acostarse, el gato debe seguir presente y sin hambre acumulada. La primera jornada parte ya atendida; después hay que alimentarlo cada día antes de dormir."
AUDITORIAS_HISTORIAL_TITULO,"Historial de vidas laborales"
AUDITORIAS_HISTORIAL_AYUDA,"Registro descriptivo de condiciones ya cerradas. No es una puntuación y no concede recursos."
AUDITORIAS_HISTORIAL_VACIO,"Aún no hay vidas con condiciones cerradas."
AUDITORIAS_HISTORIAL_VIDA,"Vida %d · cierre: %s"
AUDITORIAS_HISTORIAL_LINEA,"• %s — %s"
AUDITORIAS_HISTORIAL_RESULTADO_COMPLETADA,"completada"
AUDITORIAS_HISTORIAL_RESULTADO_FALLIDA,"fallida"
AUDITORIAS_HISTORIAL_RESULTADO_PENDIENTE,"sin cierre"
AUDITORIAS_HISTORIAL_MOTIVO_REASIGNACION,"reasignación"
AUDITORIAS_HISTORIAL_MOTIVO_FINAL,"final narrativo"
AUDITORIAS_HISTORIAL_MOTIVO_OTRO,"otro cierre"
AUDITORIAS_SIN_RELEER,"No releer documentos durante una jornada"
AUDITORIAS_SIN_RELEER_DESC,"Abrir de nuevo un folio ya leído ese día falla el reto. Releer sigue siendo gratis y nunca bloquea la consulta del documento."
AUDITORIAS_SUENO_COMPLETO,"Completar cada sueño antes de despertar"
AUDITORIAS_SUENO_COMPLETO_DESC,"Cada noche debe terminar recorriendo la salida normal de su última escena. Agotar el tiempo o perder un combate onírico falla el reto, pero la partida continúa."
AUDITORIAS_FINAL_TITULO,"Condiciones extraordinarias de esta vida"
AUDITORIAS_FINAL_LINEA,"• %s — %s"
AUDITORIAS_FINAL_ESTADO_ACTIVA,"sigue vigente"
AUDITORIAS_FINAL_ESTADO_FALLIDA,"dejó de cumplirse"
AUDITORIAS_FINAL_ESTADO_COMPLETADA,"quedó completada al cerrar la vida"
AUDITORIAS_FINAL_ESTADO_PENDIENTE,"consta sin cierre"
